kode,text
1150,Menanam bibit tembakau di lahan.
1150,Memanen daun tembakau berkualitas tinggi.
1150,Merawat tanaman tembakau setiap hari.
1150,Membersihkan lahan perkebunan tembakau.
1150,Membuat bibit tembakau untuk ditanam.
1150,Mengatur jadwal penyiraman tembakau.
1150,Memberikan pupuk pada tanaman tembakau.
1150,Mengendalikan hama dan penyakit tembakau.
1150,Merajang daun tembakau hasil panen.
1150,Menyiapkan lahan sebelum penanaman tembakau.
1150,Melakukan penyemaian bibit tembakau.
1150,Mengontrol kualitas hasil panen tembakau.
1150,Memantau pertumbuhan tanaman tembakau.
1150,Mengeringkan daun tembakau setelah panen.
1150,Memungut daun tembakau yang sudah matang.
1150,Memastikan ketersediaan air untuk tembakau.
1150,Mengelola tenaga kerja perkebunan tembakau.
1150,Menjaga kebersihan area perkebunan tembakau.
1150,Membasmi gulma di sekitar tanaman tembakau.
1150,Melakukan seleksi bibit tembakau unggul.
1150,Menghitung hasil panen tembakau setiap hari.
1150,Mencatat kegiatan perawatan tanaman tembakau.
1150,Menyiapkan peralatan untuk panen tembakau.
1150,Mengatur irigasi untuk tanaman tembakau.
1150,Memastikan tanaman tembakau tumbuh subur.
1150,Membudidayakan tanaman tembakau berkualitas.
1150,Melakukan pemupukan tanaman tembakau rutin.
1150,Memotong daun tembakau yang berlebihan.
1150,Merawat bibit tembakau di pembibitan.
1150,Memproses daun tembakau setelah panen.
1150,Mengontrol suhu dan kelembaban tembakau.
1150,Memastikan daun tembakau siap jual.
1150,Membersihkan daun tembakau dari kotoran.
1150,Menata daun tembakau di rak pengering.
1150,Mengawasi proses pengeringan tembakau.
1150,Memilah daun tembakau berdasarkan kualitas.
1150,Mengontrol hama pada tanaman tembakau.
1150,Menyiram bibit tembakau setiap pagi.
1150,Memastikan bibit tembakau tumbuh sehat.
1150,Mencabut bibit tembakau untuk dipindah.
1150,Membawa pupuk ke area perkebunan.
1150,Mencari bibit tembakau yang hilang.
1150,Memeriksa kualitas tanah untuk tembakau.
1150,Mengukur tinggi tanaman tembakau.
1150,Mengumpulkan daun tembakau yang jatuh.
1150,Mengantar hasil panen tembakau ke gudang.
1150,Membantu proses perajangan tembakau.
1150,Merawat mesin pengolahan tembakau.
1150,Menyiapkan lahan untuk pembibitan tembakau.
1150,Melakukan survei di kebun tembakau.
1302,Menanam bibit tanaman secara vegetatif.
1302,Membuat stek tanaman untuk pembibitan.
1302,Mengokulasi tanaman terpilih.
1302,Menanam tanaman untuk ditanam kembali.
1302,Menyiapkan bibit umbi-umbian.
1302,Membuat stek dan cangkokan tanaman.
1302,Mengelola kebun bibit tanaman.
1302,Memproduksi bibit tanaman unggul.
1302,Melakukan okulasi tanaman hias.
1302,Menyediakan bibit tanaman hortikultura.
1302,Pembibitan tanaman buah-buahan.
1302,Pembuatan bibit tanaman sayuran.
1302,Mengurus cangkokan tanaman.
1302,Menyiapkan stek tanaman hias.
1302,Pengelolaan kebun bibit.
1302,Memperbanyak tanaman dengan vegetatif.
1302,Menjual bibit tanaman berkualitas.
1302,Merawat bibit tanaman.
1302,Menyeleksi tanaman untuk pembibitan.
1302,Mengembangkan bibit unggul.
1302,Menjual bibit buah-buahan.
1302,Menyediakan bibit tanaman perkebunan.
1302,Membuat bibit dari potongan batang.
1302,Melakukan cangkok tanaman.
1302,Menghasilkan bibit tanaman sayuran.
1302,Produksi bibit tanaman secara vegetatif.
1302,Mengelola pembibitan tanaman.
1302,Menggandakan tanaman melalui stek.
1302,Memperbanyak tanaman dengan okulasi.
1302,Pembibitan untuk tanaman hias.
1302,Menanam bibit umbi-umbian.
1302,Membuat cangkokan tanaman buah.
1302,Membangun kebun bibit tanaman.
1302,Menjual bibit berkualitas.
1302,Merawat dan memelihara bibit.
1302,Seleksi tanaman untuk bibit.
1302,Pembibitan tanaman skala kecil.
1302,Menyiapkan bibit tanaman.
1302,Pembibitan tanaman secara vegetatif.
1302,Memperbanyak tanaman.
1302,Menanami bibit tanaman.
1302,Membuat stek tanaman skala kecil.
1302,Mengembangkan tanaman.
1302,Berkebun bibit tanaman.
1302,Membuat dan menjual bibit.
1302,Merawat kebun bibit.
1302,Menyiapkan bibit buah.
1302,Mengokulasi tanaman hias.
1302,Pengelolaan bibit tanaman.
10213,Membekukan ikan tuna fillet siap jual
10213,Mengolah ikan bandeng beku kemasan
10213,Memproses kakap beku untuk dijual
10213,Mengepak ikan beku berbagai jenis
10213,Menyimpan ikan beku di cold storage
10213,Memilah ikan segar untuk dibekukan
10213,Memotong ikan menjadi fillet beku
10213,Menjual ikan beku ke pelanggan
10213,Menerima pasokan ikan segar untuk dibekukan
10213,Membersihkan ikan sebelum pembekuan
10213,Membekukan ikan utuh dan potongan
10213,Mengemas ikan beku dengan rapi
10213,Mencatat stok ikan beku harian
10213,Memastikan suhu penyimpanan ikan beku
10213,Mengecek kualitas ikan beku berkala
10213,Menyiapkan ikan beku untuk pengiriman
10213,Melakukan pembekuan ikan skala besar
10213,Mengelola proses pembekuan ikan
10213,Membekukan ikan untuk kebutuhan pasar
10213,Mencari supplier ikan segar berkualitas
10213,Menimbang ikan beku siap jual
10213,Memastikan ikan beku tahan lama
10213,Menangani proses thawing ikan beku
10213,Membersihkan mesin pembeku ikan
10213,Mengontrol suhu ruang pembekuan ikan
10213,Memproduksi berbagai jenis ikan beku
10213,Mengawasi proses pembekuan ikan
10213,Menjual ikan beku grosir dan eceran
10213,Mengatur jadwal pembekuan ikan
10213,Memantau kualitas ikan sebelum beku
10213,Mengolah ikan menjadi produk beku
10213,Memasarkan produk ikan beku berkualitas
10213,Menerima pesanan ikan beku pelanggan
10213,Menyediakan berbagai varian ikan beku
10213,Membekukan beragam jenis ikan laut
10213,Memastikan kebersihan ruang pembekuan
10213,Mencegah kerusakan pada ikan beku
10213,Membuat label untuk produk ikan beku
10213,Bernegosiasi harga ikan beku
10213,Melakukan pengecekan kualitas ikan
10213,Membantu proses pembekuan ikan
10213,Mengirimkan ikan beku ke pelanggan
10213,Merawat mesin pembeku ikan
10213,Mengatur penyimpanan ikan beku
10213,Mengolah ikan fillet beku
10213,Memproduksi ikan beku skala kecil
10213,Menyediakan ikan beku berkualitas tinggi
10213,Membekukan ikan saku dan steak
10213,Membuat catatan penjualan ikan beku
10313,Mengeringkan buah dan sayur berkualitas tinggi
10313,Membuat keripik buah dan sayuran lezat
10313,Mengolah kismis anggur pilihan berkualitas
10313,Memproduksi bawang merah kering siap saji
10313,Mengeringkan bawang putih untuk bumbu dapur
10313,Menghasilkan cabe kering pedas berkualitas
10313,Mengolah rebung kering untuk masakan
10313,Memproduksi jamur kering siap masak
10313,Mengemas produk buah dan sayuran kering
10313,Mengontrol kualitas pengeringan buah
10313,Memproses keripik buah rasa unik
10313,Menjual produk buah dan sayur kering
10313,Menerima pesanan buah kering segar
10313,Mengeringkan buah dengan metode modern
10313,Membuat keripik sayur renyah bergizi
10313,Mengolah berbagai jenis buah kering
10313,Memproduksi sayur kering untuk stok
10313,Mengawetkan buah dan sayur alami
10313,Mengeringkan buah dan sayur dengan oven
10313,Menyiapkan bahan baku buah dan sayur
10313,Melakukan pengemasan produk kering
10313,Menjaga kebersihan area produksi
10313,Mengatur suhu pengeringan optimal
10313,Mencatat produksi buah dan sayur kering
10313,Memesan bahan baku berkualitas
10313,Mencari supplier buah dan sayur
10313,Memasarkan produk buah dan sayur kering
10313,Melakukan uji coba rasa keripik
10313,Mendesain kemasan produk menarik
10313,Memotong buah dan sayur untuk kering
10313,Memilah buah dan sayur berkualitas
10313,Mengeringkan buah secara tradisional
10313,Menggoreng keripik buah renyah
10313,Membuat varian rasa keripik baru
10313,Mengecek produk sebelum dipasarkan
10313,Mengawasi proses pengeringan sayur
10313,Mencampur bumbu keripik buah
10313,Membangun jaringan pemasaran produk
10313,Mengelola stok bahan baku kering
10313,Menghitung biaya produksi kering
10313,Membuat label produk informatif
10313,Mengeringkan buah dengan sinar matahari
10313,Mengiris buah dan sayur tipis-tipis
10313,Memastikan keamanan produk kering
10313,Mengemas keripik buah siap jual
10313,Mengontrol kelembaban produk kering
10313,Melakukan promosi produk kering
10313,Menjaga kualitas rasa keripik
10313,Meriset tren pasar buah kering
10313,Menangani keluhan pelanggan produk.
10532,Menjual es sorbet berbagai rasa
10532,Membuat es lilin aneka warna
10532,Mengemas ice drop rasa buah
10532,Meracik es dengan sirup
10532,Menjual es mambo keliling
10532,Membuat es puter tradisional
10532,Mengolah premiks es rasa
10532,Menjual es untuk dinikmati
10532,Memproduksi es krim non-susu
10532,Meracik es dengan resep baru
10532,Membuat es dengan bahan alami
10532,Mendinginkan es dengan freezer
10532,Mencari bahan baku es
10532,Membungkus es untuk dijual
10532,Mengantarkan es ke pelanggan
10532,Menyiapkan gerobak es puter
10532,Menjajakan es di pinggir jalan
10532,Menerima pesanan es online
10532,Mengisi cetakan es lilin
10532,Menyimpan es di kulkas
10532,Membersihkan mesin es
10532,Mencetak es berbagai bentuk
10532,Membuat es dengan rasa unik
10532,Menjual es di acara sekolah
10532,Menyediakan es untuk pesta
10532,Membuat variasi rasa es
10532,Menguji coba rasa es baru
10532,Mengatur persediaan es
10532,Menghitung penjualan es
10532,Mencari distributor es krim
10532,Memperkenalkan produk es
10532,Menyiapkan topping es
10532,Mengolah bahan baku es
10532,Meracik adonan es puter
10532,Membuat es tanpa bahan pengawet
10532,Menjual es di toko kelontong
10532,Mencari pelanggan es baru
10532,Menawarkan sampel es gratis
10532,Mengelola media sosial es
10532,Mendesain kemasan es
10532,Mengatur harga jual es
10532,Mencuci peralatan pembuatan es
10532,Mengembangkan resep es
10532,Membuat es untuk acara khusus
10532,Memastikan kualitas es
10532,Mengisi ulang stok es
10532,Merencanakan promosi es
10532,Menjual es dengan harga murah
10532,Membuat es dengan tampilan menarik
10532,Menjual es di musim panas
10779,"Produksi petis, saus, dan produk serupa."
10779,Mengolah ikan dan udang menjadi bahan makanan.
10779,Membuat madu dan karamel buatan.
10779,Ekstraksi dan pembuatan jus daging.
10779,Memproduksi konsentrat makanan.
10779,Membuat cincau dan bahan makanan.
10779,Mengolah gist dan baking powder.
10779,Meracik essence dan cuka makan.
10779,Pembuatan saus tiram skala kecil.
10779,Pembuatan petis dari bahan baku.
10779,Memproses ikan menjadi produk makanan.
10779,Meramu bahan makanan ringan.
10779,Memproduksi makanan yang belum tergolong.
10779,Membuat karamel untuk berbagai keperluan.
10779,Mengolah sari daging dan ikan.
10779,Pencampuran bahan konsentrat makanan.
10779,Membuat cincau dari bahan baku alami.
10779,Produksi gist berkualitas tinggi.
10779,Meracik baking powder dan bahan terkait.
10779,Membuat essence makanan bercita rasa.
10779,Menghasilkan cuka makan berkualitas.
10779,Mengelola proses pembuatan petis.
10779,Menyajikan produk makanan olahan ikan.
10779,Memproduksi madu dan turunannya.
10779,Membuat karamel dengan berbagai rasa.
10779,Memproses daging dan ikan menjadi jus.
10779,Menyampur bahan konsentrat makanan.
10779,Membuat cincau untuk dijual.
10779,Mengolah gist dan bahan pengembang.
10779,Meracik baking powder untuk industri.
10779,Membuat essence makanan berkualitas.
10779,Memproduksi cuka makan alami.
10779,Penanganan bahan baku petis.
10779,Mengolah ikan dan produk turunannya.
10779,Memproduksi madu dan turunannya.
10779,Membuat karamel berbagai varian.
10779,Ekstraksi sari daging dan ikan.
10779,Menyampur konsentrat makanan siap pakai.
10779,Membuat cincau dan bahan terkait.
10779,Mengolah gist untuk industri makanan.
10779,Meracik baking powder dengan tepat.
10779,Membuat essence makanan beraroma.
10779,Memproduksi cuka makan berkualitas.
10779,Pengelolaan pembuatan saus.
10779,Mengolah bahan makanan olahan ikan.
10779,Memproduksi madu dan turunannya.
10779,Membuat karamel untuk industri.
10779,Produksi jus daging dan ikan.
10779,Membuat konsentrat untuk makanan.
12019,Produksi cerutu dan rokok tradisional
12019,Membuat rokok klobot dan tembakau iris
12019,Mengolah tembakau untuk rokok linting
12019,Menjual cerutu premium berkualitas tinggi
12019,Meracik tembakau untuk snuff dan kunyah
12019,Membuat rokok kelembak menyan khas
12019,Mengemas tembakau iris secara manual
12019,Mendesain kemasan cerutu unik
12019,Mengawasi proses produksi rokok klobot
12019,Mengolah tembakau pipa dan snuff
12019,Membangun merek cerutu lokal
12019,Menjual tembakau sedot (snuff)
12019,Membuat campuran tembakau khusus
12019,Meneliti jenis tembakau baru
12019,Mengendalikan kualitas produk tembakau
12019,Meracik rokok tradisional rasa unik
12019,Mengemas produk tembakau dengan cermat
12019,Menerima pesanan cerutu custom
12019,Membeli tembakau dari petani
12019,Mengirimkan pesanan produk tembakau
12019,Mengolah limbah produksi tembakau
12019,Membuat filter rokok alami
12019,Menjual aksesoris merokok cerutu
12019,Memperkenalkan produk tembakau baru
12019,Menjalankan pemasaran produk tembakau
12019,Melakukan riset pasar tembakau
12019,Bernegosiasi dengan pemasok tembakau
12019,Mengelola keuangan industri tembakau
12019,Merekrut pekerja produksi tembakau
12019,Melatih karyawan produksi tembakau
12019,Memperbaiki mesin produksi rokok
12019,Memastikan keamanan kerja produksi
12019,Mengatur jadwal produksi tembakau
12019,Membuat laporan produksi rokok
12019,Memenuhi standar kualitas industri
12019,Mencari inovasi produk tembakau
12019,Membangun jaringan distribusi tembakau
12019,Menangani keluhan pelanggan
12019,Menyusun strategi penjualan rokok
12019,Melakukan promosi produk tembakau
12019,Mengelola inventaris bahan baku
12019,Mencari desain kemasan unik
12019,Berpartisipasi dalam pameran tembakau
12019,Menjual rokok tradisional online
12019,Meneliti metode pengolahan tembakau
12019,Membuat sampel produk tembakau
12019,Mencari pasar ekspor tembakau
12019,Membuat tembakau kunyah rasa buah
12019,Mengawasi gudang penyimpanan tembakau
12091,Mengeringkan daun tembakau dengan pengasapan.
12091,Merajang daun tembakau untuk rokok.
12091,Memproses daun tembakau siap jual.
12091,Mengurus proses pengeringan tembakau.
12091,Menyiapkan tembakau untuk perajangan.
12091,Pengasapan daun tembakau skala kecil.
12091,Memilah dan mengeringkan daun tembakau.
12091,Merajang tembakau hasil panen.
12091,Operator pengeringan tembakau harian.
12091,Mengolah tembakau dari petani lokal.
12091,Memproduksi tembakau siap jual.
12091,Mengawasi proses pengasapan tembakau.
12091,Mengeringkan tembakau menggunakan oven.
12091,Mengepak tembakau rajangan berkualitas.
12091,Menjual tembakau rajangan eceran.
12091,Mengontrol kualitas daun tembakau.
12091,Proses pengeringan tembakau tradisional.
12091,Merajang tembakau untuk kebutuhan pabrik.
12091,Memastikan kualitas tembakau yang baik.
12091,Pengepul daun tembakau kering.
12091,Mengolah tembakau untuk berbagai produk.
12091,Menerima dan mengeringkan daun tembakau.
12091,Merawat dan menyiapkan tembakau.
12091,Melakukan pengasapan daun tembakau.
12091,Mencatat stok daun tembakau.
12091,Membuat variasi tembakau rajangan.
12091,Mengatur suhu pengeringan tembakau.
12091,Menyediakan tembakau untuk industri rokok.
12091,Mencampur berbagai jenis tembakau.
12091,Mengeringkan tembakau dengan metode unik.
12091,Memeriksa kadar air tembakau kering.
12091,Membuat kemasan tembakau rajangan.
12091,Menjual tembakau hasil olahan sendiri.
12091,Mencari daun tembakau berkualitas.
12091,Mengontrol kelembaban tembakau.
12091,Mengeringkan tembakau untuk cerutu.
12091,Menyortir daun tembakau sebelum kering.
12091,Memeriksa kualitas tembakau rajangan.
12091,Proses akhir pengolahan tembakau.
12091,Memantau mesin pengering tembakau.
12091,Memproduksi tembakau untuk dijual.
12091,Melayani pelanggan tembakau rajangan.
12091,Membuat campuran tembakau khusus.
12091,Mengirim tembakau ke pelanggan.
12091,Merajang dan mengemas tembakau.
12091,Mengeringkan tembakau menggunakan sinar matahari.
12091,Mengolah limbah daun tembakau.
12091,Membuat tembakau rasa.
12091,Melakukan perawatan mesin perajang.
12091,Menciptakan varian rasa tembakau.
13991,Membuat pita untuk dekorasi acara
13991,Menenun kain label pakaian
13991,Memproduksi renda untuk gaun pengantin
13991,Merancang velcro untuk tas sekolah
13991,Menjahit badges untuk seragam
13991,Membuat pita rambut anak-anak
13991,Memproduksi pita bordir berkualitas tinggi
13991,Memotong dan menjahit kain pita
13991,Mengemas pita untuk dijual grosir
13991,Membuat renda untuk kerajinan tangan
13991,Memproduksi velcro industri kuat
13991,Mencetak badge promosi event
13991,Mendesain pita pita hias
13991,Menyablon label merek pakaian
13991,Mengerjakan renda rajut halus
13991,Merakit velcro untuk sepatu
13991,Mengukir badge untuk komunitas
13991,Menyulam pita pita dekoratif
13991,Membuat label ukuran pakaian
13991,Menjual renda dengan motif unik
13991,Menggunakan velcro di produk tekstil
13991,Memproduksi badge penghargaan karyawan
13991,Mendesain pola pita khusus
13991,Membuat label kertas pakaian
13991,Menghias renda dengan manik-manik
13991,Merakit velcro untuk perlengkapan olahraga
13991,Membuat badge nama eksklusif
13991,Menjahit pita untuk hadiah
13991,Menjahit label untuk kebutuhan produksi
13991,Membuat renda untuk dekorasi rumah
13991,Memproduksi velcro serbaguna
13991,Membuat badge untuk acara perusahaan
13991,Menyortir pita berdasarkan warna
13991,Memilih bahan label berkualitas
13991,Menyesuaikan renda dengan desain
13991,Menginstal velcro pada produk
13991,Membuat badge kustom komunitas
13991,Mendesain kemasan pita cantik
13991,Memotong label sesuai kebutuhan
13991,Menerapkan renda pada produk
13991,Menambahkan velcro pada produk
13991,Membuat badge sekolah berkualitas
13991,Mengukur dan memotong pita
13991,Memproses label untuk garment
13991,Membuat renda untuk gorden
13991,Menjual velcro secara eceran
13991,Membuat badge tim olahraga
13991,Merancang pita untuk souvenir
13991,Membuat label kain tahan lama
13991,Membuat renda untuk aksesoris
16214,Membuat veneer kayu putar berkualitas tinggi
16214,Mengoperasikan mesin pengupas veneer harian
16214,Menyayat veneer tipis dari balok kayu
16214,Memproduksi veneer dengan teknik rotary
16214,Membuat veneer lapis kayu untuk furnitur
16214,Mengontrol kualitas produksi veneer
16214,Memproses kayu menjadi lembaran veneer
16214,Mengupas kayu gelondongan jadi veneer
16214,Memastikan ketebalan veneer presisi
16214,Menyiapkan kayu untuk produksi veneer
16214,Membuat veneer dengan mesin slicer
16214,Memotong veneer sesuai ukuran tertentu
16214,Mengawasi proses pembuatan veneer
16214,Mengecek kualitas veneer yang dihasilkan
16214,Memproduksi veneer untuk industri
16214,Mengoperasikan mesin pembuat veneer
16214,Membuat lembaran veneer tipis
16214,Membuat veneer kayu dekoratif
16214,Menyortir veneer berdasarkan kualitas
16214,Memastikan efisiensi produksi veneer
16214,Mengatur mesin pengupas veneer
16214,Menghasilkan veneer untuk berbagai aplikasi
16214,Mengontrol kualitas bahan baku veneer
16214,Membuat veneer dari berbagai jenis kayu
16214,Memproduksi veneer untuk konstruksi
16214,Memotong veneer dengan presisi tinggi
16214,Memeriksa kerusakan pada veneer
16214,Membuat veneer dengan mesin rotary
16214,Mengemas veneer siap jual
16214,Menyiapkan peralatan pembuatan veneer
16214,Membersihkan mesin pembuat veneer
16214,Mengelola proses produksi veneer
16214,Memastikan keamanan kerja pembuatan veneer
16214,Mengawasi kinerja operator mesin veneer
16214,Membuat veneer berkualitas tinggi
16214,Memproduksi veneer untuk pintu dan jendela
16214,Menyayat kayu menjadi veneer tipis
16214,Mengendalikan limbah produksi veneer
16214,Membuat veneer tahan lama
16214,Memastikan keberlanjutan produksi veneer
16214,Memproduksi veneer untuk panel kayu
16214,Membuat veneer dengan metode slicing
16214,Memeriksa hasil produksi veneer
16214,Membuat veneer untuk interior
16214,Mengoptimalkan penggunaan bahan baku veneer
16214,Membuat veneer kayu eksotis
16214,Menjaga kualitas produksi veneer
16214,Membuat veneer dengan teknik khusus
16214,Mengelola inventaris bahan baku veneer
22112,"Memperbaiki ban bekas, siap pakai."
22112,"Restorasi ban kendaraan, hemat biaya."
22112,"Vulcanize ban mobil, aman berkendara."
22112,"Rekondisi ban, solusi ekonomis."
22112,"Membuat ban awet, berkualitas lagi."
22112,"Tambal ban, ban kembali prima."
22112,"Optimalisasi ban, hemat pengeluaran."
22112,"Peremajaan ban, ban seperti baru."
22112,"Jasa vulkanisir ban, terbaik."
22112,"Vulkanisir ban, siap tempur lagi."
22112,"Rekondisi ban, kualitas terjamin."
22112,"Perbaikan ban, lebih tahan lama."
22112,Proses vulkanisir ban mobil.
22112,Membuat ban bekas menjadi baru.
22112,"Servis ban, hemat dan aman."
22112,"Mengolah ban bekas, hemat biaya."
22112,"Vulkanisir ban, ban tahan lama."
22112,"Perbaiki ban, siap jalan lagi."
22112,"Rekondisi ban, performa optimal."
22112,Vulkanisir ban mobil dan motor.
22112,"Mengganti ban, vulkanisir ban."
22112,"Memperbaiki ban, vulkanisir ban."
22112,"Vulcanize ban, siap pakai lagi."
22112,"Rekondisi ban, kembali prima."
22112,"Servis ban, hemat uang bensin."
22112,"Solusi ban bekas, vulkanisir."
22112,"Peremajaan ban mobil, terbaik."
22112,Vulcanize ban berkualitas tinggi.
22112,Membuat ban awet lagi.
22112,"Rekondisi ban, hemat biaya."
22112,"Servis ban, aman berkendara."
22112,"Jasa perbaikan ban, terpercaya."
22112,"Proses vulkanisir, ban baru."
22112,"Vulkanisir ban, siap pakai."
22112,"Perbaiki ban, hemat budget."
22112,"Rekondisi ban mobil, unggul."
22112,Vulcanisir ban berkualitas.
22112,Membuat ban tetap awet.
22112,"Rekondisi ban, prima kembali."
22112,"Tambal ban, vulkanisir ban."
22112,"Perbaikan ban, ban aman."
22112,"Servis ban, hemat pengeluaran."
22112,"Solusi ban rusak, vulkanisir."
22112,"Vulkanisir ban, ban berkualitas."
22112,"Perbaiki ban, siap beraksi."
22112,"Rekondisi ban, terbaik lagi."
22112,"Servis ban, performa optimal."
22112,"Jasa vulkanisir ban, cepat."
22112,"Vulkanisir ban, hemat biaya."
23123,Produksi botol kaca untuk industri.
23123,Mencetak wadah kaca untuk minuman.
23123,Membuat guci kaca hias berkualitas.
23123,Mengemas produk dalam wadah kaca.
23123,Mendesain botol kaca unik dan menarik.
23123,Operasional mesin cetak botol kaca.
23123,Memproduksi botol parfum kaca mewah.
23123,Pembuatan stoples kaca makanan.
23123,Quality control botol dan kemasan kaca.
23123,Pengepakan produk dalam wadah kaca.
23123,Membuat wadah kaca untuk laboratorium.
23123,Merancang desain kemasan kaca.
23123,Produksi botol kaca tahan lama.
23123,Mencetak botol kaca bertuliskan logo.
23123,Memproses bahan baku kaca.
23123,Membuat botol kaca untuk kosmetik.
23123,Memproduksi berbagai jenis botol kaca.
23123,Mengisi botol dengan produk.
23123,Mengawasi proses produksi kaca.
23123,Mencetak botol kaca skala besar.
23123,Pengisian botol kaca secara otomatis.
23123,Membuat wadah kaca untuk farmasi.
23123,Mengemas produk di wadah kaca.
23123,Memproduksi botol kaca berkualitas tinggi.
23123,Mengatur persediaan botol kaca.
23123,Pencetakan botol kaca berukuran kecil.
23123,Pembersihan botol kaca setelah produksi.
23123,Membuat botol kaca khusus.
23123,Merancang label untuk botol kaca.
23123,Operasional mesin cetak kaca otomatis.
23123,Membuat wadah kaca anti pecah.
23123,Mendesain kemasan kaca modern.
23123,Produksi botol kaca untuk minuman keras.
23123,Pengisian botol kaca dengan cairan.
23123,Inspeksi kualitas botol kaca.
23123,Memproduksi botol kaca ramah lingkungan.
23123,Membuat botol kaca dengan desain unik.
23123,Manajemen stok botol kaca.
23123,Maintenance mesin cetak botol kaca.
23123,Memproduksi botol kaca untuk minyak wangi.
23123,Pengecekan akhir botol kaca.
23123,Membuat botol kaca untuk produk bayi.
23123,Mengatur produksi botol kaca.
23123,Pencetakan botol kaca untuk suvenir.
23123,Membuat botol kaca dengan berbagai ukuran.
23123,Quality assurance botol kaca.
23123,Menguji ketahanan botol kaca.
23123,Memproduksi botol kaca dengan warna.
23123,Membuat botol kaca untuk makanan.
23123,Mengemas botol kaca dengan aman.
25931,Membuat cangkul untuk petani lokal.
25931,Memperbaiki sabit untuk panen padi.
25931,Menjual sekop di pasar tani.
25931,Memproduksi bajak untuk sawah.
25931,Mengasah garu untuk pertanian.
25931,Membuat ani-ani untuk memanen.
25931,Merakit alat perontok padi.
25931,Memperbaiki hand sprayer petani.
25931,Menjual alat pemipil jagung.
25931,Memproduksi berbagai alat pertanian.
25931,Mengelas alat-alat pertanian.
25931,Membuat perkakas tangan pertanian.
25931,Menjual alat pertanian ke desa.
25931,Merancang alat-alat pertanian sederhana.
25931,Memproduksi cangkul berkualitas tinggi.
25931,Memperbaiki peralatan pertanian rusak.
25931,Menjual sabit berkualitas.
25931,Membuat garu untuk lahan pertanian.
25931,Memasarkan hand sprayer pertanian.
25931,Membuat ani-ani tradisional.
25931,Merakit alat pemipil jagung efisien.
25931,Menjual berbagai alat pertanian.
25931,Menyediakan alat pertanian untuk petani.
25931,Memproduksi alat pertanian dari logam.
25931,Membuat cangkul dengan gagang kayu.
25931,Memperbaiki hand sprayer rusak.
25931,Menjual alat pertanian dan suku cadang.
25931,Membuat garu untuk penggemburan tanah.
25931,Memasarkan alat pertanian berkualitas.
25931,Membuat ani-ani modern.
25931,Merancang alat pemipil jagung.
25931,Menjual alat pertanian ke kelompok tani.
25931,Menyediakan alat pertanian berkualitas.
25931,Memproduksi alat pertanian tahan lama.
25931,Membuat cangkul untuk berbagai jenis tanah.
25931,Memperbaiki mesin pertanian kecil.
25931,Menjual alat pertanian online.
25931,Membuat garu untuk efisiensi pertanian.
25931,Memasarkan hand sprayer ke petani.
25931,Membuat ani-ani untuk panen hemat.
25931,Merakit alat pemipil jagung praktis.
25931,Menjual alat pertanian grosir.
25931,Menyediakan alat pertanian terjangkau.
25931,Memproduksi alat pertanian ramah lingkungan.
25931,Membuat cangkul untuk kebun sayur.
25931,Memperbaiki peralatan panen padi.
25931,Menjual alat pertanian lengkap.
25931,Membuat garu untuk persiapan tanam.
25931,Memasarkan hand sprayer tahan lama.
25931,Membuat ani-ani berkualitas tinggi.
28113,Merakit blok mesin diesel
28113,Pengecoran piston engine
28113,Memproduksi cincin piston berkualitas
28113,Mengelas cylinder head
28113,Membuat karburator mesin
28113,Memoles klep gas buang
28113,Mendesain komponen mesin
28113,Menguji kinerja engine block
28113,Memperbaiki karburator rusak
28113,Membubut komponen mesin
28113,Merakit katup pelepas gas
28113,Membuat suku cadang mesin
28113,Analisis kerusakan mesin
28113,Kontrol kualitas piston
28113,Pengecekan cylinder head
28113,Memproduksi komponen mesin pembakaran
28113,Penggantian cincin piston
28113,Perawatan karburator berkala
28113,Pembuatan intake manifold
28113,Penyetelan katup mesin
28113,Pembuatan komponen mesin diesel
28113,Quality control suku cadang
28113,Pemasangan engine block baru
28113,Perbaikan mesin pembakaran
28113,Pengujian klep gas buang
28113,Merancang komponen mesin custom
28113,Pengecoran logam komponen mesin
28113,Pemasangan karburator.
28113,Penggantian klep mesin
28113,Pengetesan kinerja mesin
28113,Membuat komponen mesin presisi
28113,Perbaikan cylinder head bocor
28113,Optimasi kinerja mesin.
28113,Menganalisis kerusakan katup.
28113,Merancang sistem pembakaran.
28113,Merakit engine untuk keperluan.
28113,Memperbaiki sistem karburasi.
28113,Membuat komponen inlet manifold.
28113,Melakukan uji emisi gas buang.
28113,Penggantian blok mesin mobil
28113,Pemasangan piston engine mobil.
28113,Melayani perbaikan mesin industri.
28113,Membuat komponen mesin berkualitas tinggi.
28113,Melakukan perbaikan pada mesin bensin.
28113,Melakukan perawatan cylinder head.
28113,Memproduksi berbagai katup mesin.
28113,Merancang mesin dengan efisien.
28113,Mengganti suku cadang mesin rusak.
28113,Membuat engine block untuk motor
28113,Memperbaiki karburator sepeda motor.
32202,"Membuat gitar akustik, elektrik, dan bass."
32202,Membangun dan merakit alat musik tiup.
32202,Memproduksi biola dan cello berkualitas.
32202,Merapikan drum set dan perkusi lainnya.
32202,Membuat piano dan organ dengan detail.
32202,Merakit pianika dan akordeon manual.
32202,Membuat dan menyetel garpu tala.
32202,Merancang alat musik custom made.
32202,Melakukan perbaikan alat musik.
32202,Menjual berbagai jenis alat musik.
32202,Membersihkan alat musik secara rutin.
32202,Mengecat dan finishing alat musik.
32202,Memasang senar pada gitar dan bass.
32202,Memperbaiki kerusakan pada biola.
32202,Menyetel suara piano dan organ.
32202,Mengatur nada pada alat musik tiup.
32202,Mengganti kulit drum dan perkusi.
32202,Membuat box speaker dan amplifier.
32202,Mendesain komponen alat musik.
32202,Melakukan uji coba alat musik.
32202,Mengemas alat musik untuk dijual.
32202,Menerima pesanan alat musik khusus.
32202,Mengukur bahan baku alat musik.
32202,Memotong material alat musik kayu.
32202,Merakit komponen alat musik.
32202,Membuat molding alat musik.
32202,Memoles body alat musik.
32202,Merangkai alat musik elektronik.
32202,Meneliti kualitas alat musik.
32202,Berkonsultasi tentang alat musik.
32202,Mengirim alat musik ke pembeli.
32202,Menyediakan suku cadang alat musik.
32202,Membuka bengkel reparasi alat musik.
32202,Mengelola toko alat musik.
32202,Memastikan kualitas suara alat musik.
32202,Membuat alat musik dari logam.
32202,Mengelas komponen alat musik.
32202,Membuat cetakan alat musik.
32202,Mendesain tampilan alat musik.
32202,Membuat aksesoris alat musik.
32202,Mempercantik tampilan alat musik.
32202,Membuat alat musik untuk konser.
32202,Menjual alat musik online.
32202,Memproduksi alat musik berkualitas.
32202,Membangun alat musik custom.
32202,Menyetel alat musik secara profesional.
32202,Mereparasi alat musik kuno.
32202,Membuat alat musik dari bahan daur ulang.
32202,Melakukan riset inovasi alat musik.
46492,Menjual grosir alat olahraga.
46492,Distribusi besar sepeda dan aksesoris.
46492,Perdagangan grosir perlengkapan olahraga.
46492,Suplai besar peralatan fitness.
46492,Bisnis grosir alat renang.
46492,Grosir bola dan perlengkapan.
46492,Penjualan besar perlengkapan olahraga.
46492,Pasok grosir peralatan outdoor.
46492,Menyediakan alat olahraga.
46492,Perdagangan besar perlengkapan sepeda.
46492,Grosir berbagai alat olahraga.
46492,Distributor utama alat olahraga.
46492,Suplai grosir peralatan hiking.
46492,Penjual grosir alat panjat tebing.
46492,Menjual grosir perlengkapan voli.
46492,Perdagang alat olahraga besar.
46492,Grosir peralatan olahraga.
46492,Jual beli peralatan olahraga grosir.
46492,Distribusi besar perlengkapan olahraga.
46492,Menyediakan perlengkapan olahraga grosir.
46492,Grosir alat olahraga outdoor.
46492,Penjualan besar perlengkapan basket.
46492,Perdagang peralatan olahraga.
46492,Supplay grosir alat olahraga.
46492,Menjual besar alat olahraga.
46492,Grosir perlengkapan badminton.
46492,Perdagangan besar peralatan fitness.
46492,Usaha grosir alat olahraga
46492,Bisnis grosir perlengkapan olahraga.
46492,Menjual besar perlengkapan sepeda.
46492,Penjualan grosir alat olahraga.
46492,Distributor grosir peralatan olahraga.
46492,Perdagangan besar alat olahraga.
46492,Suplai grosir peralatan camping.
46492,Usaha alat olahraga grosir.
46492,Menjual grosir perlengkapan golf.
46492,Perdagangan grosir alat olahraga outdoor.
46492,Grosir perlengkapan sepak bola.
46492,Jual beli grosir alat olahraga.
46492,Distribusi alat olahraga.
46492,Bisnis grosir alat olahraga.
46492,Menjual grosir alat olahraga.
46492,Grosir perlengkapan olahraga.
46492,Penjualan besar peralatan olahraga.
46492,Perdagangan besar perlengkapan olahraga.
46492,Suplai grosir perlengkapan olahraga.
46492,Menyediakan grosir alat olahraga.
46492,Jual grosir alat olahraga.
46512,Menjual lisensi perangkat lunak skala besar
46512,Distribusi grosir perangkat lunak bisnis
46512,Pemasaran perangkat lunak perusahaan besar
46512,Penjualan volume perangkat lunak solusi
46512,Perdagangan besar lisensi software
46512,Menjual perangkat lunak untuk korporasi
46512,Suplai perangkat lunak bisnis utama
46512,Mengelola distribusi perangkat lunak
46512,Grosir lisensi software enterprise
46512,Menyediakan perangkat lunak untuk klien
46512,Penjualan perangkat lunak skala enterprise
46512,Distributor utama software solusi
46512,Memasarkan perangkat lunak bisnis utama
46512,Perdagangan besar lisensi software.
46512,Menjual software solusi perusahaan
46512,Menawarkan perangkat lunak untuk usaha
46512,Distribusi perangkat lunak korporasi
46512,Grosir software bisnis besar
46512,Menjual lisensi software volume tinggi
46512,Penyedia perangkat lunak solusi bisnis
46512,Penjualan perangkat lunak skala besar
46512,Distributor utama software
46512,Pemasaran software korporasi
46512,Perdagangan besar lisensi
46512,Menjual perangkat lunak solusi.
46512,Menawarkan software untuk pelanggan
46512,Distribusi software perusahaan.
46512,Grosir software usaha besar
46512,Menjual lisensi software
46512,Penyedia software solusi bisnis
46512,Penjualan perangkat lunak enterprise
46512,Distributor utama software.
46512,Pemasaran software enterprise.
46512,Perdagangan besar software.
46512,Menjual software
46512,Menawarkan perangkat lunak.
46512,Distribusi software.
46512,Grosir software.
46512,Menjual lisensi.
46512,Penyedia software.
46512,Penjualan software.
46512,Distributor software.
46512,Pemasaran software.
46512,Perdagangan software.
46512,Menjual lisensi software
46512,Penjual perangkat lunak
46512,Grosir perangkat lunak.
46512,Software solusi bisnis.
46512,Enterprise software.
47762,Menjual tanaman hias dan bibit unggul
47762,Merawat dan menjual tanaman obat
47762,Penjual eceran tanaman hias
47762,Menjual bibit bunga dan tanaman
47762,Perdagangan eceran tanaman hias
47762,Toko khusus bibit tanaman unggul
47762,"Menjual tanaman hias; anggrek, mawar"
47762,Bibit tanaman obat dan hias
47762,Menjual benih tanaman pertanian
47762,Usaha kecil penjualan tanaman
47762,Pedagang tanaman hias berbagai jenis
47762,Menjual tanaman hias berkualitas
47762,Toko bibit tanaman berbagai varietas
47762,Menjual tanaman hias dan pupuk
47762,Perdagangan bibit tanaman unggul
47762,Penyedia tanaman hias dan bibit
47762,Menjual tanaman obat dan rempah
47762,Toko spesialis tanaman hias
47762,Menjual tanaman hias untuk dekorasi
47762,Perdagangan eceran benih tanaman
47762,Penjual bibit tanaman berkualitas
47762,Menjual berbagai jenis bunga hias
47762,Pemasok tanaman hias lokal
47762,"Menjual tanaman hias, pupuk, pot"
47762,Toko khusus tanaman hias indoor
47762,Menjual tanaman hias untuk kebun
47762,Penyedia bibit tanaman buah berkualitas
47762,Menjual tanaman hias dan aksesoris
47762,Perdagangan eceran tanaman organik
47762,Penjual tanaman hias outdoor
47762,Menjual bibit tanaman sayuran
47762,Toko tanaman hias dan perawatan
47762,Menjual tanaman hias dan perlengkapan
47762,Pemasok tanaman hias grosir
47762,Menjual tanaman hias exotic
47762,Perdagangan eceran tanaman herbal
47762,Penjual bibit tanaman langka
47762,Menjual tanaman hias; sedap malam
47762,Toko khusus bibit tanaman buah
47762,Menjual tanaman hias dan bibit
47762,Penyedia tanaman hias online
47762,Menjual tanaman hias taman
47762,Perdagangan eceran bunga potong
47762,Penjual bibit bunga berkualitas
47762,Menjual tanaman hias dan perawatan
47762,Toko spesialis tanaman sukulen
47762,Menjual tanaman hias dan pot
47762,Pemasok tanaman hias murah
47762,Menjual tanaman hias; melati
47762,Melayani penjualan tanaman hias
47994,Menjual pakaian keliling perumahan
47994,Berjualan tekstil dari rumah ke rumah
47994,Menawarkan alas kaki secara door-to-door
47994,Menjajakan pakaian di lingkungan sekitar
47994,Mendatangi pelanggan dengan produk tekstil
47994,"Berjualan pakaian, tekstil, keliling"
47994,Menawarkan produk fashion ke rumah
47994,Penjual pakaian keliling masyarakat
47994,Menawarkan tekstil ke pelanggan tetap
47994,"Berjualan alas kaki, pakaian, keliling"
47994,Mengantar pakaian ke pelanggan
47994,Menjajakan produk fashion door-to-door
47994,"Menawarkan tekstil, pakaian, sepatu keliling"
47994,Berjualan pakaian di kompleks perumahan
47994,Mendatangi rumah menawarkan pakaian
47994,Menawarkan pakaian dengan berkeliling
47994,Berjualan tekstil ke pelanggan setia
47994,Penjual sepatu keliling rumah
47994,Membawa pakaian dagangan keliling
47994,Menawarkan produk fashion door-to-door.
47994,Berjualan baju keliling kompleks
47994,Menawarkan sepatu keliling rumah.
47994,Menjajakan tekstil dan pakaian.
47994,Menjual pakaian dan tekstil keliling.
47994,Menawarkan pakaian keliling.
47994,Berjualan tekstil keliling.
47994,Menawarkan sepatu ke rumah-rumah.
47994,Menawarkan pakaian door-to-door.
47994,"Menjual tekstil, pakaian keliling."
47994,Berjualan alas kaki dan pakaian.
47994,Penjual pakaian langsung ke rumah.
47994,Menjual barang keperluan pribadi keliling.
47994,Menawarkan barang fashion door-to-door.
47994,Berjualan pakaian keliling lingkungan.
47994,Mencari pelanggan pakaian keliling.
47994,Menawarkan pakaian ke rumah pelanggan.
47994,Menjual produk fashion secara keliling.
47994,Berjualan baju dan celana keliling.
47994,Menjajakan pakaian dari rumah.
47994,Menawarkan sepatu dan pakaian.
47994,Penjual tekstil dari rumah.
47994,"Berjualan pakaian, sepatu keliling"
47994,Menawarkan pakaian ke masyarakat.
47994,Menawarkan tekstil dari rumah.
47994,Mencari pembeli pakaian keliling.
47994,Menjual pakaian langsung pelanggan.
47994,"Menawarkan baju, celana keliling."
47994,Berjualan kain dan pakaian keliling.
47994,Menjajakan pakaian ke pelanggan.
47994,Menawarkan pakaian setiap hari.
49433,Mengangkut barang dengan gerobak
49433,Menarik gerobak untuk mengantar barang
49433,Mengirim barang pakai pedati kuda
49433,Membawa muatan dengan gerobak sapi
49433,Mengangkut barang memakai hewan beban
49433,Menjual sayur dengan gerobak
49433,Mengantar sampah dengan gerobak
49433,Mengangkut kayu bakar pakai gerobak
49433,Mengirim barang ke pasar
49433,Membawa air menggunakan gerobak
49433,Mengangkut pasir pakai pedati
49433,Mengantar barang dagangan dengan hewan
49433,Pedagang keliling pakai gerobak
49433,Tarik gerobak sampah harian
49433,Mengangkut hasil panen gerobak
49433,Mengantar barang bangunan pakai pedati
49433,Mengangkut barang pelanggan gerobak
49433,Jasa angkut barang tidak bermotor
49433,Membawa barang bangunan manual
49433,Menarik gerobak menuju pasar
49433,Mengirim sayuran pakai gerobak
49433,Mengangkut buah-buahan gerobak
49433,Membawa barang menggunakan pedati
49433,Menawarkan jasa angkut gerobak
49433,Jasa angkut barang manual harian
49433,Pengangkutan barang tanpa mesin
49433,Menarik gerobak keliling kota
49433,Mengantar barang dengan pedati sapi
49433,Penyedia jasa angkut hewan beban
49433,Mengangkut barang dari toko
49433,Membawa barang dagangan manual
49433,Jasa angkut barang perkotaan
49433,Pengangkut barang memakai gerobak
49433,Mengirim barang memakai kuda beban
49433,Mengantar barang bangunan gerobak
49433,Mengangkut sampah pakai gerobak
49433,Membawa barang ke tempat tujuan
49433,Jasa angkut barang tradisional
49433,Menjual jasa angkut gerobak
49433,Mengangkut hasil tani gerobak
49433,Mengantar barang dengan hewan ternak
49433,Mengangkut barang menggunakan hewan
49433,Jasa angkut barang manual pasar
49433,Pedagang gerobak sayur keliling
49433,Menawarkan jasa gerobak harian
49433,Menarik gerobak pasar pagi
49433,Mengantar barang memakai pedati
49433,Jasa angkut barang ke rumah
49433,Pengangkut barang tradisional pasar
49433,Mengirim barang antar kota
61300,Operasikan jaringan telekomunikasi satelit.
61300,Rawat infrastruktur telekomunikasi satelit.
61300,Sediakan akses telekomunikasi bergerak satelit.
61300,"Transmisikan suara, data, video via satelit."
61300,Operasikan stasiun bumi telekomunikasi.
61300,Kelola sentral gerbang satelit.
61300,Pertahankan jaringan penghubung satelit.
61300,Sediakan akses internet satelit.
61300,Kirim program audio visual satelit.
61300,Perbaiki sistem satelit langsung rumah.
61300,Monitor kinerja jaringan satelit.
61300,Diagnosa masalah telekomunikasi satelit.
61300,Optimalkan transmisi data satelit.
61300,Konfigurasi peralatan satelit.
61300,Troubleshooting jaringan satelit.
61300,Kelola bandwidth satelit.
61300,Koordinasi tim operasional satelit.
61300,Lakukan pengujian jaringan satelit.
61300,Analisis laporan kinerja satelit.
61300,Update konfigurasi satelit.
61300,Pelajari teknologi telekomunikasi satelit.
61300,Tanggapi gangguan jaringan satelit.
61300,Kaji kebutuhan pelanggan satelit.
61300,Susun laporan operasional satelit.
61300,Pastikan kualitas layanan satelit.
61300,Implementasikan kebijakan satelit.
61300,Gunakan perangkat lunak satelit.
61300,Fasilitasi komunikasi satelit.
61300,Jaga keamanan jaringan satelit.
61300,Upgrade infrastruktur satelit.
61300,Rancang solusi telekomunikasi satelit.
61300,Konsultasi masalah satelit.
61300,Sediakan dukungan teknis satelit.
61300,Evaluasi performa satelit.
61300,Buat rencana pemulihan bencana satelit.
61300,Latih staf operasional satelit.
61300,Kelola inventaris peralatan satelit.
61300,Negotiate kontrak layanan satelit.
61300,Pantau penggunaan bandwidth satelit.
61300,Identifikasi masalah keamanan satelit.
61300,Kembangkan solusi inovatif satelit.
61300,Laporkan insiden jaringan satelit.
61300,Selidiki keluhan pelanggan satelit.
61300,Rencanakan ekspansi jaringan satelit.
61300,Pastikan kepatuhan regulasi satelit.
61300,Optimalkan biaya operasional satelit.
61300,Pelajari tren industri satelit.
61300,Hadiri konferensi telekomunikasi satelit.
61300,Berkontribusi pada proyek satelit.
61922,Mengelola jaringan data komunikasi aman.
61922,Memastikan kualitas layanan komunikasi data.
61922,Troubleshooting sistem komunikasi data pelanggan.
61922,Mengimplementasikan solusi komunikasi data inovatif.
61922,Memonitor kinerja jaringan komunikasi data.
61922,Mengamankan transfer data klien sensitif.
61922,Menyediakan dukungan teknis komunikasi data.
61922,Mengoptimalkan performa sistem komunikasi data.
61922,Merancang infrastruktur komunikasi data andal.
61922,Mengelola konfigurasi jaringan komunikasi data.
61922,Menginstal sistem komunikasi data terkini.
61922,Menguji sistem komunikasi data secara rutin.
61922,Memperbaiki gangguan komunikasi data segera.
61922,Memantau keamanan jaringan komunikasi data.
61922,Mengupdate perangkat komunikasi data terbaru.
61922,Menyelesaikan masalah konektivitas data.
61922,Mengelola server komunikasi data efisien.
61922,Membangun solusi komunikasi data terpadu.
61922,Meningkatkan kapasitas jaringan data.
61922,Melindungi data dari ancaman siber.
61922,Memastikan enkripsi data yang kuat.
61922,Menangani insiden keamanan data.
61922,Memverifikasi integritas data penting.
61922,Menyediakan akses komunikasi data cepat.
61922,Menganalisis traffic jaringan data.
61922,Mengelola bandwidth komunikasi data.
61922,Memastikan ketersediaan layanan data.
61922,Menyediakan solusi komunikasi data cloud.
61922,Mengintegrasikan sistem komunikasi data.
61922,Mengelola dokumentasi komunikasi data lengkap.
61922,Berkoordinasi dengan tim teknis lainnya.
61922,Memberikan pelatihan komunikasi data.
61922,Mendesain arsitektur jaringan komunikasi.
61922,Mengoptimasi biaya komunikasi data.
61922,Merencanakan pertumbuhan jaringan data.
61922,Melakukan backup data berkala.
61922,Memulihkan data dari kegagalan.
61922,Mengelola lisensi perangkat lunak.
61922,Berkomunikasi dengan vendor data.
61922,Menyusun laporan kinerja jaringan.
61922,Menjalankan uji coba komunikasi data.
61922,Menyediakan solusi komunikasi terkelola.
61922,Menjaga privasi komunikasi data.
61922,Mengelola keamanan data pelanggan.
61922,Memastikan kepatuhan regulasi data.
61922,Mengembangkan strategi komunikasi data.
61922,Monitoring ketersediaan layanan data.
61922,Mendukung migrasi data yang aman.
61922,Mengevaluasi teknologi komunikasi data.
66160,"Jual beli valas, layani pelanggan."
66160,"Tukar mata uang, beli cek perjalanan."
66160,Melayani transaksi valas harian.
66160,"Jual beli uang asing, cek pelawat."
66160,Fokus pada transaksi valuta asing.
66160,"Menukarkan uang asing, layanan pelanggan."
66160,Mengelola jual beli mata uang.
66160,Beli dan jual uang kertas asing.
66160,"Transaksi valas, cek perjalanan tersedia."
66160,"Penukaran uang asing, urus cek."
66160,"Jual beli valas, pelayanan prima."
66160,Fokus pada transaksi valuta asing.
66160,Layanan penukaran uang asing.
66160,Menjual dan membeli mata uang asing.
66160,"Tukar mata uang, pelanggan puas."
66160,Mengurus jual beli valas harian.
66160,"Transaksi valas, cek perjalanan."
66160,Melayani penukaran uang asing.
66160,"Jual beli uang asing, profesional."
66160,Menawarkan layanan valas terbaik.
66160,"Penukaran mata uang, cek pelawat."
66160,"Fokus transaksi valas, cek perjalanan."
66160,"Jual beli valas, layanan konsumen."
66160,Melayani transaksi jual beli valas.
66160,Menangani penukaran uang asing.
66160,Jual beli uang asing hari ini.
66160,"Transaksi valas, pelanggan utama."
66160,Layanan penukaran mata uang asing.
66160,Menawarkan jual beli valas.
66160,Menjual dan membeli valuta asing.
66160,"Penukaran uang asing, cek pelawat."
66160,"Fokus transaksi valas, cepat dan tepat."
66160,"Jual beli valas, tingkatkan layanan."
66160,Melayani transaksi valuta asing.
66160,Menangani penukaran uang asing.
66160,Jual beli uang asing setiap hari.
66160,"Transaksi valas, cek keuangan."
66160,Layanan penukaran valuta asing.
66160,Menawarkan jual beli mata uang.
66160,Menawarkan jual beli valas.
66160,Pembelian dan penjualan uang asing.
66160,Siap melayani jual beli valas.
66160,Proses jual beli uang asing.
66160,Mengurus transaksi valuta asing.
66160,Penawaran jual beli uang asing.
66160,Mengelola jual beli mata uang.
66160,Melakukan jual beli valas.
66160,Menyediakan layanan valas.
66160,Memproses transaksi valas.
66160,Menangani penukaran mata uang.
74111,Mendesain Sepeda dan Kendaraan Tarik Hewan
74111,Merancang Kereta Tangan dan Kereta Bayi
74111,Mendesain Kursi Roda dan Tandu
74111,Merancang Produk Kendaraan di Atas Rel
74111,Mendesain Lift dan Alat Angkat
74111,Merancang Kendaraan Bermotor
74111,Mendesain Kapal dan Pesawat Terbang
74111,Mendesain Pesawat Luar Angkasa
74111,Merancang Ban dan Rantai Anti-Slip
74111,Mendesain Komponen Kendaraan
74111,Merancang Aksesori Kendaraan
74111,"Mendesain Mesin, Pompa, Kompresor"
74111,Merancang Mesin Pertanian
74111,Mendesain Mesin Konstruksi
74111,Mendesain Mesin Tekstil
74111,Mendesain Produk Elevator
74111,Merancang Alat Angkat Material
74111,Mendesain Kereta Dorong Bayi
74111,Perancang Desain Industri Alat Transportasi
74111,Pembuat Desain Produk Permesinan
74111,Menggambar Desain Sepeda
74111,Mendesain Kereta yang Ditarik Hewan
74111,Merancang Desain Kendaraan Rel
74111,Desain Interior Kendaraan
74111,Merancang Komponen Mesin
74111,Membuat Desain Prototipe Kendaraan
74111,Analisis Desain Produk Industri
74111,Mendesain Sistem Transportasi
74111,Pengembang Desain Produk
74111,Mendesain Produk Otomotif
74111,Merancang Mesin Industri Berat
74111,Desain Ergonomis Kendaraan
74111,Membuat Desain Struktur Kapal
74111,Merancang Rangka Pesawat
74111,Mendesain Produk Pertanian Modern
74111,Desain Mesin Pengolah Makanan
74111,Merancang Alat Berat Konstruksi
74111,Menggambar Desain Komponen Mesin
74111,Mendesain Logo Kendaraan
74111,Membuat Desain Kemasan Mesin
74111,Merancang Desain Visual Produk
74111,Konsultan Desain Industri
74111,Peneliti Desain Transportasi
74111,Penguji Desain Produk
74111,Membuat Desain Kendaraan Listrik
74111,Merancang Desain Robot Industri
74111,Desain Produk Berkelanjutan
74111,Mendesain UI/UX Kendaraan
74111,Merancang Desain Komponen Presisi
74111,Desainer Produk Manufaktur
74149,Merencanakan konten kreatif beragam.
74149,Mengembangkan ide konten kreatif baru.
74149,Menciptakan konsep konten menarik.
74149,Merancang strategi konten unik.
74149,Mengolah ide kreatif konten apapun.
74149,Mengatur perencanaan konten spesifik.
74149,Membuat konten kreatif non-digital.
74149,Berpikir kreatif untuk konten.
74149,Mengonsep konten alternatif menarik.
74149,Merencanakan konten visual inovatif.
74149,Menyusun ide konten spesifik klien.
74149,Berinovasi konten kreatif harian.
74149,Merancang format konten berbeda.
74149,Membuat konten dengan beragam tema.
74149,Kreatif mengolah konten baru.
74149,Mengembangkan konten sesuai kebutuhan.
74149,Merencanakan strategi konten detail.
74149,Membuat konten tak terduga.
74149,Merealisasikan ide konten kreatif.
74149,Menyusun konten berbasis riset.
74149,Mengolah konten untuk berbagai platform.
74149,Membuat konten edukatif kreatif.
74149,Mendesain konten visual menarik.
74149,Berpikir kreatif konten promosi.
74149,Merencanakan konten interaktif baru.
74149,Membuat konten sesuai target pasar.
74149,Mengonsep ide konten menarik.
74149,Menyusun konten dengan ciri khas.
74149,Mengembangkan ide konten berbeda.
74149,Merancang konten informatif unik.
74149,Membuat konten sesuai brief.
74149,Mengolah konten dengan cepat.
74149,Merencanakan konten untuk branding.
74149,Membuat konten dengan pesan kuat.
74149,Berpikir konten yang relevan.
74149,Mengonsep konten untuk media.
74149,Menyusun konten dengan gaya berbeda.
74149,Mengembangkan konten berbasis data.
74149,Merancang konten untuk komunitas.
74149,Membuat konten yang sedang tren.
74149,Mengolah konten yang viral.
74149,Merencanakan konten berbasis cerita.
74149,Membuat konten untuk kampanye.
74149,Berpikir kreatif konten hiburan.
74149,Mengonsep konten untuk acara.
74149,Menyusun konten dengan dampak.
74149,Mengembangkan konten berkelanjutan.
74149,Merancang konten yang efektif.
74149,Membuat konten yang menginspirasi.
74149,Mengolah konten yang personal.
77295,"Sewa Gitar Harian, Mingguan, Bulanan."
77295,Rental Drum Set untuk Acara Musik.
77295,Penyewaan Organ Elektrik Profesional.
77295,Sewa Alat Musik Band Lengkap.
77295,Rental Keyboard & Piano Digital.
77295,Menyewakan Alat Musik untuk Studio.
77295,Penyewaan Saxophone & Alat Tiup.
77295,Sewa Alat Musik Pesta Ulang Tahun.
77295,Rental Alat Musik untuk Pernikahan.
77295,Menyewakan Alat Musik Online.
77295,Sewa Alat Musik Murah Terpercaya.
77295,Rental Alat Musik untuk Pemula.
77295,Penyewaan Bass & Ampli Bass.
77295,Sewa Alat Musik Sound System.
77295,Rental Alat Musik Perorangan.
77295,Menyewakan Biola & Cello.
77295,Sewa Alat Musik Event Organizer.
77295,Rental Alat Musik Gamelan Jawa.
77295,Penyewaan Akordeon & Alat Musik.
77295,Sewa Alat Musik Konser.
77295,Rental Alat Musik Anak-Anak.
77295,Menyewakan Flute & Seruling.
77295,Sewa Alat Musik Kampanye.
77295,Rental Alat Musik Paduan Suara.
77295,Penyewaan Alat Musik Studio Musik.
77295,Sewa Alat Musik Live Musik.
77295,Rental Alat Musik Pertunjukan.
77295,Menyewakan Triangel & Perkusi.
77295,Sewa Alat Musik Orkes.
77295,Rental Alat Musik Recording.
77295,Penyewaan Alat Musik Festival.
77295,Sewa Alat Musik Karaoke.
77295,Rental Alat Musik Band Sekolah.
77295,Menyewakan Simbal & Perkusi.
77295,Sewa Alat Musik Acara Musik.
77295,Rental Alat Musik Pelatihan Musik.
77295,Penyewaan Alat Musik Musik Tradisional.
77295,Sewa Alat Musik Komunitas Musik.
77295,Rental Alat Musik Band Cafe.
77295,Menyewakan Cajon & Perkusi.
77295,Sewa Alat Musik Untuk Seminar Musik
77295,Rental Alat Musik Organ Tunggal.
77295,Penyewaan Alat Musik untuk Resital.
77295,Sewa Alat Musik untuk Rekaman.
77295,Rental Alat Musik Drum Elektrik.
77295,Menyewakan Alat Musik untuk Latihan.
77295,Sewa Alat Musik Gitar Akustik.
77295,Rental Alat Musik untuk Band Rock.
77295,Penyewaan Alat Musik untuk Konser Musik.
77295,Sewa Alat Musik Keyboard.
77295,Rental Alat Musik untuk Acara Gereja.
77395,"Sewa Mesin Pertambangan, Tanpa Operator."
77395,"Sewa Guna Usaha Alat Gali, Operasional."
77395,Menyewakan Mesin Pembangkit Listrik.
77395,Leasing Alat Pertambangan Profesional.
77395,Penyewaan Mesin Penggerak Uap.
77395,Sewa Turbin untuk Industri.
77395,Operasional Leasing: Alat Minyak.
77395,Menyewakan Peralatan Komunikasi Profesional.
77395,"Sewa Mesin Pertambangan, Harian."
77395,Leasing Alat Gali Tanpa Operator.
77395,Penyewaan Pembangkit Listrik Industri.
77395,"Sewa Alat Pertambangan, Mingguan."
77395,"Penyewaan Mesin Uap, Sewa Operasional."
77395,"Leasing Turbin, Kontrak Jangka."
77395,"Operasional Leasing Alat Minyak, Bulanan."
77395,"Sewa Peralatan Komunikasi, Tahunan."
77395,Menyediakan Mesin Pertambangan.
77395,Leasing Peralatan Penggalian.
77395,Penyewaan Mesin Pembangkit.
77395,Sewa Alat Pertambangan Terpercaya.
77395,Penyewaan Mesin Uap.
77395,Leasing Turbin.
77395,Operasional Leasing Alat Minyak.
77395,Sewa Peralatan Komunikasi.
77395,Sewa Mesin Pertambangan Operasional.
77395,Alat Gali: Sewa Guna Usaha.
77395,Penyewaan Pembangkit Listrik.
77395,Sewa Alat Pertambangan.
77395,Penyewaan Mesin Uap Profesional.
77395,Leasing Turbin Industri.
77395,Operasional Leasing Peralatan Minyak.
77395,Sewa Peralatan Komunikasi Industri.
77395,Menyewakan Mesin Tambang.
77395,Leasing Peralatan Galian.
77395,Penyewaan Pembangkit.
77395,Sewa Alat Pertambangan.
77395,Penyewaan Mesin Uap.
77395,Leasing Turbin.
77395,Operasional Alat Minyak.
77395,Sewa Komunikasi Profesional.
77395,Sewa Tambang Tanpa Operator.
77395,Alat Gali: Leasing Operasional.
77395,Penyewaan Pembangkit Listrik.
77395,Sewa Pertambangan.
77395,Mesin Uap: Sewa Guna Usaha.
77395,Turbin: Leasing Operasional.
77395,Operasional Minyak.
77395,Komunikasi Profesional.
77395,Sewa Tambang.
77395,Leasing Alat Gali.
